{
    "TousJours": [
        651.79833984375
    ],
    "정치는우물이다": [
        732.2423095703125
    ],
    "DivgradE": [
        774.6829833984375
    ],
    "내따까리조민진": [
        641.0618286132812
    ],
    "GiveMENamePlz": [
        606.9534301757812
    ],
    "stressgame": [
        624.37890625
    ],
    "일라오it": [
        608.1018676757812
    ],
    "TruDamage야스오": [
        717.0912475585938
    ],
    "헤븐즈필": [
        677.5667724609375
    ],
    "유미하면D짐": [
        613.1461791992188
    ],
    "ApologizeTo": [
        617.34912109375
    ],
    "광평롤1등": [
        613.4722290039062
    ],
    "우즈마키주크준": [
        615.5158081054688
    ],
    "탑솔킬겜끝": [
        618.4140014648438
    ],
    "세천통닭": [
        620.8585205078125,
        734.2445678710938
    ],
    "ha3rsadf13": [
        639.151123046875
    ],
    "육이농": [
        681.1614379882812
    ],
    "파이크올스킨유저": [
        627.3333740234375
    ],
    "르쁠개": [
        700.86279296875
    ],
    "drisle": [
        653.4074096679688
    ],
    "오늘도죽는중": [
        659.0828247070312
    ],
    "누구입니당": [
        605.9966430664062
    ],
    "선울": [
        622.9380493164062,
        639.1507568359375
    ],
    "쫀득한쿠키": [
        671.3952026367188
    ],
    "더듬이를더듬는다": [
        765.0136108398438
    ],
    "아케OI드번쩍이": [
        632.5382690429688
    ],
    "담원고서트": [
        603.4568481445312
    ],
    "노르웨이숲고먐미": [
        666.6547241210938
    ],
    "배달먹자": [
        704.963134765625
    ],
    "Knotweed": [
        702.8505859375
    ],
    "야필패": [
        704.963134765625
    ],
    "계정o공백": [
        704.963134765625
    ],
    "Yasuo1위": [
        704.963134765625
    ],
    "일단내말좀들어봐": [
        704.963134765625
    ],
    "TM츠류": [
        704.963134765625
    ],
    "Caprolactam": [
        607.1766357421875
    ],
    "오빠는사춘기": [
        607.7180786132812
    ],
    "EnemyofGod": [
        701.698974609375
    ],
    "준비철저": [
        703.8095092773438
    ],
    "Myuon": [
        703.8095092773438
    ],
    "탁탁꿍": [
        703.8095092773438
    ],
    "국태은": [
        703.8095092773438
    ],
    "하늘호수대표": [
        677.7706909179688,
        677.7706909179688
    ],
    "강산이123": [
        626.3733520507812,
        626.3733520507812
    ]
}